"time","wallTime","wc2.out","wc1.out"
0,2.8118e-05,0,0
0,4.7139e-05,0,0
0,6.1663e-05,0,0
0,7.5804e-05,0,0
0,9.0413e-05,0,0
0,0.000107006,0,0
0,0.000121189,0,0
0,0.000135541,0,0
0,0.000149862,0,0
0,0.000172874,0,0
0.005,1.62674,0,0
0.005,1.62697,0,0
0.005,1.62721,0,0
0.005,1.62749,0,0
0.005,1.62773,0,0
0.005,1.62877,0,8.49278e-17
0.006,1.62902,0,0.0139879
0.007,1.62918,0,0.0279757
0.008,1.62935,0,0.0419636
0.009,1.62952,0,0.0559515
0.01,1.63011,0,0.0699394
0.011,1.63029,0,0.0838546
0.012,1.63048,0,0.0977698
0.013,1.63064,0,0.111685
0.014,1.63084,0,0.1256
0.015,1.63171,0,0.139515
0.016,1.63188,0,0.153286
0.017,1.63204,0,0.167057
0.018,1.6322,0,0.180827
0.019,1.63238,0,0.194598
0.02,1.63312,0,0.208368
0.021,1.63334,0,0.221923
0.022,1.6335,0,0.235478
0.023,1.63366,0,0.249034
0.024,1.63383,0,0.262589
0.025,1.6344,5.82362e-16,0.276144
0.026,1.63459,0.0279757,0.289414
0.027,1.63473,0.0559515,0.302685
0.028,1.6349,0.0839272,0.315956
0.029,1.63506,0.111903,0.329226
0.03,1.63601,0.139879,0.342497
0.031,1.63621,0.167709,0.355417
0.032,1.63644,0.19554,0.368336
0.033,1.63663,0.22337,0.381256
0.034,1.63681,0.251201,0.394176
0.035,1.6375,0.279031,0.407095
0.036,1.63767,0.306572,0.4196
0.037,1.63782,0.334113,0.432106
0.038,1.63802,0.361654,0.444611
0.039,1.63818,0.389195,0.457116
0.04,1.63916,0.416737,0.469621
0.041,1.63934,0.443847,0.481651
0.042,1.6395,0.470957,0.493682
0.043,1.63965,0.498067,0.505712
0.044,1.63979,0.525177,0.517743
0.045,1.6405,0.552287,0.529773
0.046,1.64065,0.578829,0.541273
0.047,1.6408,0.60537,0.552773
0.048,1.64095,0.631911,0.564273
0.049,1.64109,0.658453,0.575773
0.05,1.64183,0.684994,0.587272
0.051,1.64201,0.710833,0.59819
0.052,1.64215,0.736673,0.609107
0.053,1.64231,0.762512,0.620025
0.054,1.64246,0.788351,0.630942
0.055,1.64321,0.814191,0.64186
0.056,1.64337,0.839201,0.652148
0.057,1.6435,0.864211,0.662436
0.058,1.64364,0.889221,0.672725
0.059,1.64378,0.914232,0.683013
0.06,1.64464,0.939242,0.693302
0.061,1.64479,0.963303,0.70292
0.062,1.64493,0.987364,0.712537
0.063,1.64507,1.01142,0.722155
0.064,1.64529,1.03549,0.731773
0.065,1.64574,1.05955,0.741391
0.066,1.64589,1.08255,0.750302
0.067,1.64606,1.10555,0.759214
0.068,1.64619,1.12855,0.768125
0.069,1.64634,1.15155,0.777036
0.07,1.64725,1.17454,0.785948
0.071,1.64739,1.19638,0.794122
0.072,1.64754,1.21821,0.802297
0.073,1.64768,1.24005,0.810472
0.074,1.64781,1.26188,0.818646
0.075,1.6484,1.28372,0.826821
0.076,1.64851,1.3043,0.834235
0.077,1.64861,1.32487,0.841649
0.078,1.6487,1.34545,0.849063
0.079,1.6488,1.36603,0.856477
0.08,1.64938,1.3866,0.863891
0.081,1.64948,1.40584,0.870526
0.082,1.6496,1.42507,0.877162
0.083,1.6497,1.44431,0.883797
0.084,1.64981,1.46355,0.890432
0.085,1.65033,1.48278,0.897068
0.086,1.65044,1.5006,0.902913
0.087,1.65056,1.51843,0.908758
0.088,1.65066,1.53625,0.914602
0.089,1.65075,1.55407,0.920447
0.09,1.65126,1.5719,0.926292
0.091,1.65133,1.58824,0.931342
0.092,1.6514,1.60459,0.936391
0.093,1.65148,1.62094,0.94144
0.094,1.65155,1.63729,0.94649
0.095,1.65197,1.65364,0.951539
0.096,1.65206,1.66847,0.955793
0.097,1.65213,1.6833,0.960048
0.098,1.65221,1.69813,0.964302
0.099,1.6523,1.71295,0.968557
0.1,1.65267,1.72778,0.972811
0.101,1.65275,1.74105,0.976278
0.102,1.65283,1.75432,0.979745
0.103,1.65291,1.76759,0.983212
0.104,1.65298,1.78086,0.986679
0.105,1.65341,1.79414,0.990145
0.106,1.65349,1.80583,0.992837
0.107,1.65356,1.81752,0.99553
0.108,1.65364,1.8292,0.998222
0.109,1.65373,1.84089,1.00091
0.11,1.65414,1.85258,1.00361
0.111,1.65421,1.86268,1.00554
0.112,1.65429,1.87278,1.00748
0.113,1.65437,1.88288,1.00942
0.114,1.65444,1.89298,1.01135
0.115,1.65481,1.90308,1.01329
0.116,1.65488,1.91159,1.01449
0.117,1.65494,1.9201,1.0157
0.118,1.65501,1.9286,1.0169
0.119,1.65509,1.93711,1.01811
0.12,1.6554,1.94562,1.01931
0.121,1.65546,1.95256,1.01982
0.122,1.65553,1.95949,1.02032
0.123,1.65558,1.96642,1.02082
0.124,1.65564,1.97336,1.02133
0.125,1.65599,1.98029,1.02183
0.126,1.65605,1.98567,1.02167
0.127,1.65611,1.99106,1.0215
0.128,1.65615,1.99644,1.02134
0.129,1.65621,2.00183,1.02118
0.13,1.65661,2.00721,1.02101
0.131,1.65669,2.01108,1.02022
0.132,1.65675,2.01496,1.01943
0.133,1.65681,2.01883,1.01864
0.134,1.65686,2.0227,1.01785
0.135,1.65721,2.02658,1.01705
0.136,1.65727,2.02899,1.01568
0.137,1.65732,2.0314,1.0143
0.138,1.65739,2.03381,1.01292
0.139,1.65744,2.03622,1.01155
0.14,1.65781,2.03863,1.01017
0.141,1.65788,2.03963,1.00826
0.142,1.65796,2.04064,1.00634
0.143,1.65802,2.04165,1.00443
0.144,1.65809,2.04265,1.00251
0.145,1.65839,2.04366,1.0006
0.146,1.65845,2.04333,0.998193
0.147,1.65849,2.04301,0.995789
0.148,1.65855,2.04268,0.993385
0.149,1.6586,2.04235,0.990982
0.15,1.6589,2.04203,0.988578
0.151,1.65895,2.04044,0.985737
0.152,1.659,2.03886,0.982897
0.153,1.65905,2.03728,0.980056
0.154,1.6591,2.03569,0.977216
0.155,1.65941,2.03411,0.974375
0.156,1.65945,2.03136,0.971152
0.157,1.6595,2.0286,0.967928
0.158,1.65955,2.02585,0.964705
0.159,1.6596,2.0231,0.961482
0.16,1.65993,2.02034,0.958258
0.161,1.66,2.01651,0.954707
0.162,1.66005,2.01268,0.951156
0.163,1.6601,2.00885,0.947605
0.164,1.66015,2.00502,0.944055
0.165,1.66045,2.00119,0.940504
0.166,1.6605,1.99639,0.936681
0.167,1.66057,1.99158,0.932859
0.168,1.66063,1.98677,0.929036
0.169,1.66068,1.98196,0.925214
0.17,1.66103,1.97716,0.921391
0.171,1.66108,1.97147,0.917354
0.172,1.66113,1.96579,0.913316
0.173,1.66118,1.96011,0.909278
0.174,1.66124,1.95443,0.90524
0.175,1.66156,1.94875,0.901202
0.176,1.66161,1.9423,0.897005
0.177,1.66165,1.93586,0.892807
0.178,1.66169,1.92941,0.88861
0.179,1.66174,1.92296,0.884412
0.18,1.66202,1.91652,0.880215
0.181,1.66207,1.90941,0.875912
0.182,1.66211,1.90231,0.87161
0.183,1.66216,1.89521,0.867307
0.184,1.6622,1.88811,0.863005
0.185,1.66246,1.88101,0.858702
0.186,1.66252,1.87336,0.854348
0.187,1.66257,1.86572,0.849993
0.188,1.66261,1.85807,0.845639
0.189,1.66266,1.85043,0.841284
0.19,1.6629,1.84278,0.83693
0.191,1.66295,1.83471,0.832575
0.192,1.66299,1.82663,0.828219
0.193,1.66304,1.81856,0.823864
0.194,1.66309,1.81048,0.819508
0.195,1.6634,1.8024,0.815153
0.196,1.66344,1.79401,0.810845
0.197,1.66348,1.78561,0.806536
0.198,1.66352,1.77722,0.802228
0.199,1.66357,1.76882,0.79792
0.2,1.66387,1.76043,0.793612
0.201,1.66391,1.75182,0.789396
0.202,1.66396,1.74322,0.78518
0.203,1.664,1.73461,0.780964
0.204,1.66405,1.72601,0.776749
0.205,1.66437,1.7174,0.772533
0.206,1.66443,1.7087,0.768451
0.207,1.66448,1.69999,0.764369
0.208,1.66452,1.69128,0.760287
0.209,1.66456,1.68257,0.756205
0.21,1.66486,1.67386,0.752123
0.211,1.66491,1.66515,0.748213
0.212,1.66495,1.65644,0.744302
0.213,1.66499,1.64773,0.740392
0.214,1.66503,1.63902,0.736481
0.215,1.66526,1.63031,0.73257
0.216,1.66531,1.62169,0.728864
0.217,1.66534,1.61307,0.725158
0.218,1.66538,1.60446,0.721452
0.219,1.66542,1.59584,0.717746
0.22,1.66568,1.58722,0.71404
0.221,1.66572,1.57879,0.710567
0.222,1.66575,1.57036,0.707093
0.223,1.66579,1.56193,0.70362
0.224,1.66583,1.5535,0.700147
0.225,1.66614,1.54507,0.696674
0.226,1.66618,1.5369,0.693457
0.227,1.66622,1.52874,0.69024
0.228,1.66626,1.52057,0.687023
0.229,1.6663,1.51241,0.683806
0.23,1.6666,1.50425,0.680589
0.231,1.66664,1.49643,0.677646
0.232,1.66668,1.4886,0.674703
0.233,1.66672,1.48078,0.671761
0.234,1.66676,1.47296,0.668818
0.235,1.66702,1.46514,0.665876
0.236,1.66706,1.45773,0.66322
0.237,1.6671,1.45032,0.660565
0.238,1.66714,1.4429,0.65791
0.239,1.66718,1.43549,0.655255
0.24,1.66742,1.42808,0.652599
0.241,1.66746,1.42113,0.650239
0.242,1.6675,1.41419,0.647878
0.243,1.66754,1.40724,0.645517
0.244,1.66758,1.40029,0.643157
0.245,1.6679,1.39335,0.640796
0.246,1.66794,1.38691,0.638732
0.247,1.66797,1.38048,0.636668
0.248,1.66801,1.37405,0.634604
0.249,1.66804,1.36761,0.63254
0.25,1.66834,1.36118,0.630476
0.251,1.66838,1.35529,0.628705
0.252,1.66842,1.34941,0.626933
0.253,1.66846,1.34352,0.625162
0.254,1.66849,1.33764,0.623391
0.255,1.66873,1.33175,0.62162
0.256,1.66876,1.32644,0.620133
0.257,1.6688,1.32113,0.618646
0.258,1.66885,1.31582,0.617159
0.259,1.66888,1.31051,0.615671
0.26,1.66915,1.3052,0.614184
0.261,1.66918,1.30048,0.612967
0.262,1.66922,1.29576,0.611749
0.263,1.66925,1.29103,0.610532
0.264,1.66929,1.28631,0.609314
0.265,1.66954,1.28159,0.608097
0.266,1.66957,1.27746,0.607129
0.267,1.66961,1.27334,0.606162
0.268,1.66964,1.26921,0.605195
0.269,1.66968,1.26508,0.604228
0.27,1.66994,1.26095,0.60326
0.271,1.66998,1.25741,0.602519
0.272,1.67001,1.25387,0.601778
0.273,1.67005,1.25032,0.601037
0.274,1.67009,1.24678,0.600295
0.275,1.67036,1.24324,0.599554
0.276,1.67039,1.24027,0.59901
0.277,1.67044,1.23729,0.598466
0.278,1.67047,1.23432,0.597922
0.279,1.6705,1.23134,0.597378
0.28,1.67075,1.22837,0.596834
0.281,1.67078,1.22593,0.596455
0.282,1.67081,1.2235,0.596075
0.283,1.67084,1.22106,0.595695
0.284,1.67088,1.21863,0.595316
0.285,1.67111,1.21619,0.594936
0.286,1.67115,1.21426,0.594684
0.287,1.67118,1.21232,0.594432
0.288,1.67122,1.21039,0.594179
0.289,1.67125,1.20846,0.593927
0.29,1.67151,1.20652,0.593675
0.291,1.67155,1.20504,0.59351
0.292,1.67158,1.20356,0.593345
0.293,1.67161,1.20207,0.59318
0.294,1.67164,1.20059,0.593016
0.295,1.67197,1.19911,0.592851
0.296,1.672,1.19802,0.59273
0.297,1.67204,1.19693,0.59261
0.298,1.67207,1.19584,0.592489
0.299,1.67211,1.19476,0.592368
0.3,1.67243,1.19367,0.592248
0.301,1.67246,1.19291,0.592126
0.302,1.6725,1.19215,0.592004
0.303,1.67254,1.19139,0.591882
0.304,1.67257,1.19063,0.59176
0.305,1.67282,1.18987,0.591639
0.306,1.67285,1.18937,0.591468
0.307,1.67289,1.18886,0.591298
0.308,1.67292,1.18836,0.591127
0.309,1.67295,1.18785,0.590957
0.31,1.67324,1.18735,0.590786
0.311,1.67328,1.18702,0.590518
0.312,1.67332,1.18669,0.590251
0.313,1.67335,1.18636,0.589983
0.314,1.67338,1.18603,0.589715
0.315,1.67368,1.1857,0.589447
0.316,1.67373,1.18546,0.589033
0.317,1.67376,1.18522,0.588618
0.318,1.67379,1.18498,0.588204
0.319,1.67383,1.18474,0.587789
0.32,1.67416,1.1845,0.587375
0.321,1.67419,1.18425,0.586764
0.322,1.67424,1.18401,0.586153
0.323,1.67427,1.18376,0.585542
0.324,1.6743,1.18352,0.584931
0.325,1.67456,1.18328,0.58432
0.326,1.67459,1.18294,0.583464
0.327,1.67463,1.1826,0.582607
0.328,1.67466,1.18225,0.581751
0.329,1.67469,1.18191,0.580894
0.33,1.67498,1.18157,0.580037
0.331,1.67501,1.18104,0.578887
0.332,1.67506,1.1805,0.577736
0.333,1.67509,1.17997,0.576586
0.334,1.67512,1.17943,0.575435
0.335,1.67545,1.17889,0.574285
0.336,1.67548,1.17807,0.572794
0.337,1.67551,1.17724,0.571303
0.338,1.67555,1.17641,0.569812
0.339,1.67558,1.17558,0.568321
0.34,1.67586,1.17475,0.56683
0.341,1.6759,1.17353,0.564953
0.342,1.67593,1.17231,0.563077
0.343,1.67596,1.17108,0.561201
0.344,1.676,1.16986,0.559324
0.345,1.67628,1.16864,0.557448
0.346,1.67632,1.16693,0.555145
0.347,1.67635,1.16521,0.552841
0.348,1.67639,1.1635,0.550538
0.349,1.67642,1.16179,0.548234
0.35,1.67669,1.16007,0.545931
0.351,1.67673,1.15777,0.543162
0.352,1.67676,1.15547,0.540392
0.353,1.67679,1.15317,0.537623
0.354,1.67682,1.15087,0.534853
0.355,1.67714,1.14857,0.532084
0.356,1.67717,1.14559,0.528814
0.357,1.6772,1.14261,0.525543
0.358,1.67723,1.13962,0.522273
0.359,1.67727,1.13664,0.519002
0.36,1.67757,1.13366,0.515732
0.361,1.67762,1.12991,0.51193
0.362,1.67766,1.12615,0.508127
0.363,1.67769,1.1224,0.504325
0.364,1.67772,1.11865,0.500522
0.365,1.67804,1.1149,0.49672
0.366,1.67807,1.11029,0.492359
0.367,1.67811,1.10568,0.487998
0.368,1.67814,1.10108,0.483637
0.369,1.67818,1.09647,0.479276
0.37,1.67848,1.09186,0.474915
0.371,1.67852,1.08632,0.469973
0.372,1.67855,1.08078,0.465032
0.373,1.67858,1.07525,0.460091
0.374,1.67862,1.06971,0.45515
0.375,1.67888,1.06417,0.450209
0.376,1.67891,1.05763,0.444671
0.377,1.67894,1.05109,0.439133
0.378,1.67898,1.04455,0.433595
0.379,1.67901,1.038,0.428058
0.38,1.67938,1.03146,0.42252
0.381,1.67946,1.02386,0.416375
0.382,1.67952,1.01625,0.41023
0.383,1.67956,1.00865,0.404084
0.384,1.6796,1.00104,0.397939
0.385,1.68007,0.993439,0.391794
0.386,1.68011,0.984717,0.385036
0.387,1.68016,0.975995,0.378278
0.388,1.68019,0.967273,0.37152
0.389,1.68023,0.958551,0.364762
0.39,1.68056,0.949829,0.358004
0.391,1.68059,0.939947,0.350634
0.392,1.68063,0.930064,0.343264
0.393,1.68066,0.920182,0.335894
0.394,1.68071,0.9103,0.328524
0.395,1.681,0.900417,0.321154
0.396,1.68103,0.889342,0.313178
0.397,1.68107,0.878266,0.305203
0.398,1.6811,0.867191,0.297227
0.399,1.68113,0.856115,0.289252
0.4,1.68145,0.84504,0.281276
0.401,1.68148,0.83275,0.272708
0.402,1.68151,0.820459,0.264139
0.403,1.68155,0.808169,0.25557
0.404,1.68158,0.795878,0.247002
0.405,1.6819,0.783588,0.238433
0.406,1.68194,0.770072,0.22929
0.407,1.68197,0.756556,0.220147
0.408,1.68201,0.74304,0.211004
0.409,1.68204,0.729524,0.201861
0.41,1.68234,0.716008,0.192718
0.411,1.68237,0.701268,0.183025
0.412,1.68241,0.686528,0.173332
0.413,1.68244,0.671788,0.163639
0.414,1.68248,0.657048,0.153946
0.415,1.68276,0.642308,0.144253
0.416,1.6828,0.626357,0.13404
0.417,1.68284,0.610406,0.123828
0.418,1.68287,0.594454,0.113615
0.419,1.6829,0.578503,0.103402
0.42,1.68323,0.562552,0.0931891
0.421,1.68326,0.545415,0.0824922
0.422,1.6833,0.528278,0.0717953
0.423,1.68333,0.511141,0.0610984
0.424,1.68336,0.494004,0.0504015
0.425,1.68368,0.476867,0.0397046
0.426,1.68372,0.458581,0.0285647
0.427,1.68376,0.440295,0.0174248
0.428,1.68379,0.422009,0.00628486
0.429,1.68382,0.403723,-0.00485506
0.43,1.68415,0.385437,-0.015995
0.431,1.68418,0.366051,-0.0275318
0.432,1.68422,0.346665,-0.0390687
0.433,1.68426,0.327279,-0.0506055
0.434,1.6843,0.307893,-0.0621423
0.435,1.68459,0.288507,-0.0736792
0.436,1.68463,0.268081,-0.0855622
0.437,1.68466,0.247655,-0.0974453
0.438,1.6847,0.22723,-0.109328
0.439,1.68474,0.206804,-0.121211
0.44,1.68504,0.186378,-0.133094
0.441,1.68508,0.164984,-0.145269
0.442,1.68512,0.143591,-0.157443
0.443,1.68515,0.122197,-0.169617
0.444,1.68518,0.100803,-0.181792
0.445,1.6855,0.0794092,-0.193966
0.446,1.68553,0.0571294,-0.206373
0.447,1.68557,0.0348495,-0.218779
0.448,1.6856,0.0125697,-0.231186
0.449,1.68563,-0.00971011,-0.243593
0.45,1.68598,-0.0319899,-0.255999
0.451,1.68601,-0.0550636,-0.268577
0.452,1.68605,-0.0781373,-0.281154
0.453,1.68609,-0.101211,-0.293731
0.454,1.68612,-0.124285,-0.306308
0.455,1.68645,-0.147358,-0.318885
0.456,1.68648,-0.171124,-0.331567
0.457,1.68651,-0.194891,-0.34425
0.458,1.68655,-0.218657,-0.356933
0.459,1.68659,-0.242423,-0.369615
0.46,1.68704,-0.266189,-0.382298
0.461,1.68708,-0.290537,-0.395019
0.462,1.68711,-0.314886,-0.40774
0.463,1.68714,-0.339234,-0.42046
0.464,1.68718,-0.363583,-0.433181
0.465,1.68753,-0.387932,-0.445902
0.466,1.68757,-0.412745,-0.458593
0.467,1.6876,-0.437559,-0.471283
0.468,1.68764,-0.462372,-0.483974
0.469,1.68767,-0.487185,-0.496664
0.47,1.68805,-0.511999,-0.509355
0.471,1.68809,-0.537153,-0.521945
0.472,1.68815,-0.562307,-0.534535
0.473,1.68818,-0.587461,-0.547125
0.474,1.68822,-0.612616,-0.559715
0.475,1.68855,-0.63777,-0.572306
0.476,1.6886,-0.663135,-0.584725
0.477,1.68864,-0.6885,-0.597145
0.478,1.68867,-0.713865,-0.609564
0.479,1.6887,-0.73923,-0.621984
0.48,1.68908,-0.764595,-0.634403
0.481,1.68912,-0.790037,-0.646582
0.482,1.68915,-0.815479,-0.658761
0.483,1.68918,-0.840921,-0.670939
0.484,1.68922,-0.866363,-0.683118
0.485,1.68961,-0.891805,-0.695297
0.486,1.68964,-0.917186,-0.707165
0.487,1.68968,-0.942567,-0.719034
0.488,1.68973,-0.967948,-0.730902
0.489,1.68976,-0.993328,-0.742771
0.49,1.68979,-1.01871,-0.754639
0.491,1.69015,-1.04389,-0.766129
0.492,1.69018,-1.06907,-0.777619
0.493,1.69021,-1.09425,-0.78911
0.494,1.69025,-1.11943,-0.8006
0.495,1.69028,-1.14461,-0.81209
0.496,1.69066,-1.16945,-0.823136
0.497,1.69071,-1.19429,-0.834182
0.498,1.69074,-1.21913,-0.845227
0.499,1.69077,-1.24397,-0.856273
0.5,1.6908,-1.26881,-0.867319
0.501,1.69118,-1.29316,-0.877857
0.502,1.69121,-1.31752,-0.888395
0.503,1.69125,-1.34188,-0.898933
0.504,1.69128,-1.36624,-0.909471
0.505,1.69131,-1.39059,-0.920009
0.506,1.69169,-1.41433,-0.929978
0.507,1.69172,-1.43807,-0.939948
0.508,1.69176,-1.4618,-0.949918
0.509,1.69179,-1.48554,-0.959887
0.51,1.69184,-1.50928,-0.969857
0.511,1.69221,-1.53226,-0.979202
0.512,1.69225,-1.55524,-0.988546
0.513,1.69228,-1.57822,-0.997891
0.514,1.69231,-1.6012,-1.00724
0.515,1.69234,-1.62418,-1.01658
0.516,1.69272,-1.64627,-1.02525
0.517,1.69276,-1.66836,-1.03391
0.518,1.69279,-1.69045,-1.04258
0.519,1.69282,-1.71255,-1.05125
0.52,1.69285,-1.73464,-1.05991
0.521,1.69326,-1.75571,-1.06786
0.522,1.6933,-1.77679,-1.0758
0.523,1.69333,-1.79787,-1.08374
0.524,1.69336,-1.81894,-1.09168
0.525,1.69339,-1.84002,-1.09962
0.526,1.69376,-1.85996,-1.10679
0.527,1.69383,-1.8799,-1.11397
0.528,1.69387,-1.89984,-1.12114
0.529,1.6939,-1.91977,-1.12831
0.53,1.69394,-1.93971,-1.13548
0.531,1.69432,-1.9584,-1.14185
0.532,1.69436,-1.97709,-1.14822
0.533,1.69439,-1.99578,-1.15458
0.534,1.69442,-2.01447,-1.16095
0.535,1.69445,-2.03316,-1.16732
0.536,1.69484,-2.05049,-1.17284
0.537,1.69487,-2.06783,-1.17837
0.538,1.6949,-2.08516,-1.1839
0.539,1.69495,-2.1025,-1.18943
0.54,1.69498,-2.11983,-1.19496
0.541,1.69534,-2.13571,-1.19962
0.542,1.69541,-2.15159,-1.20429
0.543,1.69544,-2.16748,-1.20895
0.544,1.69548,-2.18336,-1.21361
0.545,1.69552,-2.19924,-1.21828
0.546,1.69604,-2.21359,-1.22206
0.547,1.69608,-2.22793,-1.22584
0.548,1.69612,-2.24228,-1.22962
0.549,1.69617,-2.25662,-1.2334
0.55,1.6962,-2.27097,-1.23718
0.551,1.69655,-2.2837,-1.24007
0.552,1.69657,-2.29643,-1.24295
0.553,1.6966,-2.30917,-1.24583
0.554,1.69664,-2.3219,-1.24872
0.555,1.69667,-2.33463,-1.2516
0.556,1.69722,-2.34569,-1.25358
0.557,1.69726,-2.35675,-1.25556
0.558,1.69729,-2.3678,-1.25754
0.559,1.69733,-2.37886,-1.25952
0.56,1.69736,-2.38992,-1.2615
0.561,1.69778,-2.39924,-1.26257
0.562,1.69782,-2.40857,-1.26365
0.563,1.69784,-2.4179,-1.26472
0.564,1.69786,-2.42723,-1.2658
0.565,1.6979,-2.43656,-1.26687
0.566,1.69831,-2.44412,-1.26705
0.567,1.69835,-2.45168,-1.26723
0.568,1.69839,-2.45924,-1.2674
0.569,1.69842,-2.4668,-1.26758
0.57,1.69845,-2.47436,-1.26776
0.571,1.69883,-2.48013,-1.26705
0.572,1.69886,-2.4859,-1.26634
0.573,1.6989,-2.49166,-1.26563
0.574,1.69892,-2.49743,-1.26492
0.575,1.699,-2.5032,-1.26421
0.576,1.69933,-2.50716,-1.26263
0.577,1.69935,-2.51112,-1.26106
0.578,1.69937,-2.51508,-1.25948
0.579,1.69939,-2.51903,-1.2579
0.58,1.69941,-2.52299,-1.25633
0.581,1.69995,-2.52514,-1.25391
0.582,1.69997,-2.52729,-1.25149
0.583,1.69999,-2.52944,-1.24907
0.584,1.70002,-2.53159,-1.24665
0.585,1.70004,-2.53374,-1.24423
0.586,1.70041,-2.5341,-1.241
0.587,1.70043,-2.53445,-1.23777
0.588,1.70046,-2.53481,-1.23453
0.589,1.70048,-2.53516,-1.2313
0.59,1.7005,-2.53551,-1.22807
0.591,1.70089,-2.53409,-1.22406
0.592,1.70091,-2.53268,-1.22005
0.593,1.70097,-2.53126,-1.21605
0.594,1.70103,-2.52984,-1.21204
0.595,1.70105,-2.52842,-1.20803
0.596,1.70149,-2.52527,-1.20328
0.597,1.70151,-2.52211,-1.19854
0.598,1.70153,-2.51896,-1.1938
0.599,1.70154,-2.51581,-1.18905
0.6,1.70156,-2.51265,-1.18431
0.601,1.70198,-2.50781,-1.17887
0.602,1.702,-2.50298,-1.17344
0.603,1.70203,-2.49814,-1.16801
0.604,1.70205,-2.4933,-1.16257
0.605,1.70207,-2.48846,-1.15714
0.606,1.70265,-2.482,-1.15106
0.607,1.7027,-2.47553,-1.14499
0.608,1.70272,-2.46907,-1.13891
0.609,1.70274,-2.4626,-1.13284
0.61,1.70276,-2.45614,-1.12676
0.611,1.70316,-2.44812,-1.1201
0.612,1.70318,-2.44011,-1.11344
0.613,1.7032,-2.43209,-1.10678
0.614,1.70322,-2.42407,-1.10012
0.615,1.70324,-2.41606,-1.09345
0.616,1.70365,-2.40657,-1.08626
0.617,1.70367,-2.39708,-1.07907
0.618,1.70369,-2.38759,-1.07188
0.619,1.70371,-2.3781,-1.06469
0.62,1.70373,-2.36862,-1.0575
0.621,1.7041,-2.35775,-1.04983
0.622,1.70412,-2.34688,-1.04217
0.623,1.70415,-2.33601,-1.03451
0.624,1.70416,-2.32514,-1.02684
0.625,1.70418,-2.31427,-1.01918
0.626,1.70457,-2.30212,-1.01111
0.627,1.70459,-2.28997,-1.00304
0.628,1.70461,-2.27782,-0.994965
0.629,1.70463,-2.26568,-0.986893
0.63,1.70465,-2.25353,-0.978821
0.631,1.70503,-2.2402,-0.970402
0.632,1.70505,-2.22688,-0.961983
0.633,1.70508,-2.21356,-0.953564
0.634,1.70509,-2.20023,-0.945146
0.635,1.70511,-2.18691,-0.936727
0.636,1.70548,-2.17253,-0.928025
0.637,1.7055,-2.15814,-0.919324
0.638,1.70553,-2.14376,-0.910622
0.639,1.70555,-2.12938,-0.901921
0.64,1.70557,-2.11499,-0.893219
0.641,1.70606,-2.09967,-0.884299
0.642,1.7061,-2.08434,-0.875378
0.643,1.70612,-2.06901,-0.866458
0.644,1.70613,-2.05369,-0.857538
0.645,1.70615,-2.03836,-0.848618
0.646,1.70659,-2.02222,-0.839542
0.647,1.70661,-2.00608,-0.830467
0.648,1.70663,-1.98993,-0.821392
0.649,1.70665,-1.97379,-0.812317
0.65,1.70667,-1.95764,-0.803241
0.651,1.70705,-1.9408,-0.794074
0.652,1.70707,-1.92397,-0.784907
0.653,1.70709,-1.90713,-0.775739
0.654,1.70711,-1.89029,-0.766572
0.655,1.70713,-1.87345,-0.757405
0.656,1.70755,-1.85605,-0.748206
0.657,1.70757,-1.83865,-0.739008
0.658,1.70759,-1.82124,-0.72981
0.659,1.70761,-1.80384,-0.720612
0.66,1.70762,-1.78644,-0.711414
0.661,1.70802,-1.7686,-0.702244
0.662,1.70804,-1.75076,-0.693075
0.663,1.70806,-1.73292,-0.683905
0.664,1.70808,-1.71508,-0.674735
0.665,1.7081,-1.69724,-0.665566
0.666,1.70858,-1.67908,-0.656481
0.667,1.7086,-1.66093,-0.647397
0.668,1.70862,-1.64278,-0.638312
0.669,1.70867,-1.62463,-0.629228
0.67,1.70871,-1.60648,-0.620143
0.671,1.70941,-1.58815,-0.611198
0.672,1.70945,-1.56981,-0.602252
0.673,1.70947,-1.55148,-0.593306
0.674,1.70949,-1.53314,-0.58436
0.675,1.70951,-1.51481,-0.575415
0.676,1.7102,-1.49641,-0.566657
0.677,1.71024,-1.47802,-0.5579
0.678,1.71026,-1.45962,-0.549143
0.679,1.71028,-1.44122,-0.540386
0.68,1.71031,-1.42283,-0.531629
0.681,1.7107,-1.40449,-0.523107
0.682,1.71072,-1.38615,-0.514584
0.683,1.71074,-1.36781,-0.506062
0.684,1.71076,-1.34947,-0.497539
0.685,1.71079,-1.33113,-0.489017
0.686,1.71121,-1.31296,-0.480771
0.687,1.71123,-1.29479,-0.472524
0.688,1.71125,-1.27662,-0.464278
0.689,1.71127,-1.25846,-0.456032
0.69,1.71129,-1.24029,-0.447785
0.691,1.71169,-1.2224,-0.439852
0.692,1.71172,-1.2045,-0.431918
0.693,1.71174,-1.18661,-0.423985
0.694,1.71176,-1.16872,-0.416052
0.695,1.71177,-1.15083,-0.408118
0.696,1.71221,-1.13331,-0.400529
0.697,1.71223,-1.1158,-0.39294
0.698,1.71225,-1.09829,-0.385352
0.699,1.71228,-1.08077,-0.377763
0.7,1.7123,-1.06326,-0.370174
0.701,1.71275,-1.04621,-0.362956
0.702,1.71277,-1.02917,-0.355738
0.703,1.71279,-1.01212,-0.34852
0.704,1.71282,-0.995079,-0.341302
0.705,1.71284,-0.978034,-0.334084
0.706,1.71323,-0.961541,-0.327258
0.707,1.71326,-0.945048,-0.320432
0.708,1.71327,-0.928556,-0.313606
0.709,1.71329,-0.912063,-0.30678
0.71,1.71332,-0.895571,-0.299955
0.711,1.71375,-0.879704,-0.293536
0.712,1.71378,-0.863837,-0.287117
0.713,1.7138,-0.84797,-0.280698
0.714,1.71382,-0.832103,-0.274279
0.715,1.71384,-0.816236,-0.267861
0.716,1.71426,-0.801058,-0.261859
0.717,1.71429,-0.785881,-0.255857
0.718,1.71431,-0.770703,-0.249855
0.719,1.71432,-0.755525,-0.243853
0.72,1.71435,-0.740348,-0.237851
0.721,1.71483,-0.725912,-0.232269
0.722,1.71485,-0.711476,-0.226688
0.723,1.71487,-0.69704,-0.221107
0.724,1.71489,-0.682605,-0.215526
0.725,1.71491,-0.668169,-0.209945
0.726,1.71542,-0.654517,-0.204782
0.727,1.71545,-0.640865,-0.19962
0.728,1.71547,-0.627213,-0.194458
0.729,1.71549,-0.613561,-0.189296
0.73,1.71552,-0.599909,-0.184134
0.731,1.71597,-0.587071,-0.179383
0.732,1.71599,-0.574234,-0.174633
0.733,1.71601,-0.561396,-0.169883
0.734,1.71603,-0.548559,-0.165132
0.735,1.71605,-0.535721,-0.160382
0.736,1.71647,-0.523717,-0.156031
0.737,1.71649,-0.511713,-0.15168
0.738,1.71651,-0.499709,-0.147328
0.739,1.71653,-0.487705,-0.142977
0.74,1.71655,-0.475701,-0.138626
0.741,1.71698,-0.464539,-0.134657
0.742,1.717,-0.453376,-0.130687
0.743,1.71703,-0.442214,-0.126717
0.744,1.71705,-0.431052,-0.122748
0.745,1.71706,-0.419889,-0.118778
0.746,1.71754,-0.409565,-0.115167
0.747,1.71756,-0.39924,-0.111556
0.748,1.71758,-0.388916,-0.107946
0.749,1.71761,-0.378592,-0.104335
0.75,1.71763,-0.368267,-0.100724
0.751,1.71809,-0.358767,-0.0974452
0.752,1.71811,-0.349266,-0.0941662
0.753,1.71813,-0.339765,-0.0908872
0.754,1.71815,-0.330264,-0.0876081
0.755,1.71817,-0.320764,-0.0843291
0.756,1.71863,-0.312061,-0.0813506
0.757,1.71865,-0.303359,-0.078372
0.758,1.71867,-0.294657,-0.0753935
0.759,1.71869,-0.285955,-0.0724149
0.76,1.71871,-0.277252,-0.0694364
0.761,1.71921,-0.269313,-0.0667232
0.762,1.71924,-0.261374,-0.06401
0.763,1.71926,-0.253434,-0.0612969
0.764,1.71929,-0.245495,-0.0585837
0.765,1.7193,-0.237556,-0.0558705
0.766,1.71979,-0.230334,-0.0533844
0.767,1.71981,-0.223113,-0.0508983
0.768,1.71984,-0.215891,-0.0484121
0.769,1.71986,-0.20867,-0.045926
0.77,1.71988,-0.201448,-0.0434398
0.771,1.72036,-0.19489,-0.0411396
0.772,1.72039,-0.188332,-0.0388393
0.773,1.72041,-0.181774,-0.036539
0.774,1.72042,-0.175216,-0.0342388
0.775,1.72044,-0.168658,-0.0319385
0.776,1.72092,-0.162701,-0.0297806
0.777,1.72095,-0.156744,-0.0276228
0.778,1.72098,-0.150787,-0.0254649
0.779,1.721,-0.14483,-0.023307
0.78,1.72102,-0.138873,-0.0211492
0.781,1.72144,-0.133446,-0.0190885
0.782,1.72147,-0.12802,-0.0170278
0.783,1.72149,-0.122594,-0.0149671
0.784,1.72151,-0.117167,-0.0129065
0.785,1.72152,-0.111741,-0.0108458
0.786,1.72192,-0.106769,-0.0088359
0.787,1.72194,-0.101797,-0.00682601
0.788,1.72197,-0.0968242,-0.00481612
0.789,1.72199,-0.091852,-0.00280624
0.79,1.722,-0.0868797,-0.000796347
0.791,1.72256,-0.0822791,0.00120979
0.792,1.72258,-0.0776786,0.00321592
0.793,1.7226,-0.0730781,0.00522205
0.794,1.72263,-0.0684775,0.00722819
0.795,1.72265,-0.063877,0.00923432
0.796,1.72312,-0.0595612,0.0112838
0.797,1.72316,-0.0552455,0.0133332
0.798,1.72318,-0.0509298,0.0153827
0.799,1.72324,-0.046614,0.0174321
0.8,1.72326,-0.0422983,0.0194816
0.801,1.72373,-0.038177,0.0216209
0.802,1.72376,-0.0340556,0.0237602
0.803,1.72378,-0.0299343,0.0258996
0.804,1.72379,-0.0258129,0.0280389
0.805,1.72382,-0.0216916,0.0301782
0.806,1.72435,-0.0176718,0.0324528
0.807,1.7244,-0.013652,0.0347275
0.808,1.72443,-0.00963225,0.0370021
0.809,1.72445,-0.00561247,0.0392767
0.81,1.72447,-0.00159269,0.0415514
0.811,1.72504,0.00241957,0.0440051
0.812,1.72506,0.00643184,0.0464588
0.813,1.72509,0.0104441,0.0489125
0.814,1.72511,0.0144564,0.0513662
0.815,1.72514,0.0184686,0.0538199
0.816,1.72566,0.0225676,0.0564943
0.817,1.72568,0.0266665,0.0591686
0.818,1.7257,0.0307654,0.061843
0.819,1.72575,0.0348643,0.0645174
0.82,1.72577,0.0389632,0.0671917
0.821,1.72641,0.0432418,0.0701256
0.822,1.72643,0.0475205,0.0730594
0.823,1.72647,0.0517991,0.0759933
0.824,1.7265,0.0560778,0.0789271
0.825,1.72653,0.0603564,0.081861
0.826,1.7271,0.0649057,0.0850899
0.827,1.72712,0.0694549,0.0883189
0.828,1.72714,0.0740042,0.0915479
0.829,1.72716,0.0785535,0.0947768
0.83,1.72718,0.0831027,0.0980058
0.831,1.7277,0.0880101,0.101562
0.832,1.72772,0.0929176,0.105118
0.833,1.72774,0.097825,0.108674
0.834,1.72776,0.102732,0.11223
0.835,1.72778,0.10764,0.115786
0.836,1.72839,0.112989,0.119697
0.837,1.72844,0.118337,0.123607
0.838,1.72846,0.123686,0.127518
0.839,1.72848,0.129035,0.131429
0.84,1.7285,0.134383,0.13534
0.841,1.72901,0.140251,0.139629
0.842,1.72903,0.146119,0.143918
0.843,1.72905,0.151987,0.148207
0.844,1.72907,0.157854,0.152496
0.845,1.72909,0.163722,0.156785
0.846,1.72964,0.17018,0.161471
0.847,1.72968,0.176638,0.166157
0.848,1.7297,0.183096,0.170843
0.849,1.72972,0.189554,0.175528
0.85,1.72974,0.196012,0.180214
0.851,1.73028,0.203124,0.18531
0.852,1.73032,0.210235,0.190406
0.853,1.73034,0.217347,0.195502
0.854,1.73036,0.224459,0.200598
0.855,1.73038,0.231571,0.205694
0.856,1.7309,0.239393,0.211208
0.857,1.73092,0.247215,0.216723
0.858,1.73094,0.255037,0.222237
0.859,1.73097,0.262858,0.227751
0.86,1.73099,0.27068,0.233265
0.861,1.73154,0.279258,0.2392
0.862,1.73157,0.287836,0.245135
0.863,1.73159,0.296414,0.25107
0.864,1.73161,0.304992,0.257006
0.865,1.73164,0.313571,0.262941
0.866,1.73214,0.322942,0.269294
0.867,1.73216,0.332314,0.275646
0.868,1.73218,0.341685,0.281999
0.869,1.7322,0.351057,0.288352
0.87,1.73222,0.360429,0.294705
0.871,1.7328,0.37062,0.301467
0.872,1.73286,0.380812,0.308229
0.873,1.73287,0.391004,0.314991
0.874,1.73291,0.401196,0.321753
0.875,1.73293,0.411388,0.328515
0.876,1.7335,0.422417,0.335672
0.877,1.73352,0.433445,0.342829
0.878,1.73354,0.444474,0.349985
0.879,1.7336,0.455502,0.357142
0.88,1.73363,0.46653,0.364299
0.881,1.73416,0.478401,0.37183
0.882,1.73418,0.490271,0.379362
0.883,1.73421,0.502141,0.386893
0.884,1.73423,0.514011,0.394424
0.885,1.73425,0.525881,0.401956
0.886,1.7348,0.538587,0.409836
0.887,1.73482,0.551293,0.417717
0.888,1.73484,0.563999,0.425597
0.889,1.73486,0.576705,0.433478
0.89,1.73488,0.58941,0.441358
0.891,1.73543,0.602934,0.449557
0.892,1.73547,0.616458,0.457756
0.893,1.73549,0.629982,0.465955
0.894,1.73551,0.643506,0.474154
0.895,1.73553,0.65703,0.482353
0.896,1.73618,0.671344,0.490834
0.897,1.7362,0.685657,0.499315
0.898,1.73623,0.699971,0.507796
0.899,1.73624,0.714284,0.516277
0.9,1.73626,0.728598,0.524758
0.901,1.73681,0.74366,0.533481
0.902,1.73683,0.758723,0.542204
0.903,1.73685,0.773786,0.550926
0.904,1.73687,0.788849,0.559649
0.905,1.7369,0.803912,0.568372
0.906,1.73749,0.819673,0.577291
0.907,1.73751,0.835434,0.58621
0.908,1.73753,0.851195,0.595129
0.909,1.73755,0.866956,0.604047
0.91,1.73756,0.882717,0.612966
0.911,1.73813,0.899115,0.622032
0.912,1.73815,0.915512,0.631098
0.913,1.73817,0.93191,0.640164
0.914,1.7382,0.948308,0.64923
0.915,1.73821,0.964705,0.658296
0.916,1.73883,0.981668,0.667456
0.917,1.73887,0.99863,0.676615
0.918,1.73889,1.01559,0.685775
0.919,1.73893,1.03255,0.694935
0.92,1.73895,1.04952,0.704095
0.921,1.73953,1.06696,0.713292
0.922,1.73955,1.08441,0.72249
0.923,1.73958,1.10185,0.731687
0.924,1.7396,1.1193,0.740885
0.925,1.73962,1.13674,0.750082
0.926,1.7401,1.15458,0.759259
0.927,1.74012,1.17242,0.768435
0.928,1.74014,1.19026,0.777611
0.929,1.74016,1.20809,0.786788
0.93,1.74018,1.22593,0.795964
0.931,1.74076,1.24406,0.805058
0.932,1.74078,1.2622,0.814152
0.933,1.7408,1.28033,0.823246
0.934,1.74084,1.29846,0.83234
0.935,1.74085,1.31659,0.841434
0.936,1.7414,1.33491,0.850384
0.937,1.74143,1.35323,0.859333
0.938,1.74145,1.37155,0.868282
0.939,1.7415,1.38987,0.877231
0.94,1.74152,1.40819,0.88618
0.941,1.74206,1.42658,0.894921
0.942,1.74208,1.44498,0.903662
0.943,1.74211,1.46337,0.912403
0.944,1.74213,1.48177,0.921143
0.945,1.74215,1.50016,0.929884
0.946,1.7427,1.51852,0.938352
0.947,1.74273,1.53687,0.94682
0.948,1.74274,1.55522,0.955288
0.949,1.74276,1.57358,0.963756
0.95,1.74278,1.59193,0.972225
0.951,1.74337,1.61012,0.980356
0.952,1.74339,1.6283,0.988488
0.953,1.74342,1.64649,0.99662
0.954,1.74343,1.66468,1.00475
0.955,1.74346,1.68287,1.01288
0.956,1.74407,1.70077,1.02061
0.957,1.7441,1.71867,1.02835
0.958,1.74412,1.73656,1.03608
0.959,1.74416,1.75446,1.04381
0.96,1.74419,1.77236,1.05154
0.961,1.74467,1.78984,1.05881
0.962,1.7447,1.80732,1.06609
0.963,1.74473,1.82481,1.07336
0.964,1.74477,1.84229,1.08063
0.965,1.7448,1.85977,1.0879
0.966,1.74529,1.8767,1.09465
0.967,1.74532,1.89364,1.1014
0.968,1.74535,1.91058,1.10815
0.969,1.74538,1.92751,1.1149
0.97,1.74541,1.94445,1.12165
0.971,1.74603,1.96071,1.12782
0.972,1.74608,1.97698,1.13399
0.973,1.74611,1.99324,1.14016
0.974,1.74614,2.0095,1.14633
0.975,1.74618,2.02577,1.15251
0.976,1.74665,2.04123,1.15805
0.977,1.74669,2.05669,1.16359
0.978,1.74672,2.07216,1.16913
0.979,1.74675,2.08762,1.17467
0.98,1.74678,2.10309,1.18021
0.981,1.74733,2.11763,1.18506
0.982,1.74736,2.13217,1.18992
0.983,1.74739,2.14671,1.19478
0.984,1.74741,2.16125,1.19963
0.985,1.74745,2.1758,1.20449
0.986,1.748,2.1893,1.20862
0.987,1.74803,2.2028,1.21275
0.988,1.74805,2.2163,1.21688
0.989,1.74807,2.2298,1.22101
